<?xml version="1.0" encoding="UTF-8"?>
<project-private xmlns="http://www.netbeans.org/ns/project-private/1">
    <editor-bookmarks xmlns="http://www.netbeans.org/ns/editor-bookmarks/2" lastBookmarkId="0"/>
    <open-files xmlns="http://www.netbeans.org/ns/projectui-open-files/2">
        <group>
            <file>file:/C:/Users/USER/Documents/NetBeansProjects/PROJECTAPP_TransaksiPulsa_RockwellUI/src/transaksipulsa_rockwellui/SALDO.java</file>
            <file>file:/C:/Users/USER/Documents/NetBeansProjects/PROJECTAPP_TransaksiPulsa_RockwellUI/src/transaksipulsa_rockwellui/ABOUT.java</file>
            <file>file:/C:/Users/USER/Documents/NetBeansProjects/PROJECTAPP_TransaksiPulsa_RockwellUI/src/transaksipulsa_rockwellui/MENU.java</file>
            <file>file:/C:/Users/USER/Documents/NetBeansProjects/PROJECTAPP_TransaksiPulsa_RockwellUI/src/transaksipulsa_rockwellui/PULSA.java</file>
            <file>file:/C:/Users/USER/Documents/NetBeansProjects/PROJECTAPP_TransaksiPulsa_RockwellUI/src/transaksipulsa_rockwellui/TRANSAKSI.java</file>
        </group>
    </open-files>
</project-private>
